{"optimizer_name": "Adam", "criterion_name": "CrossEntropyLoss", "epochs": 200, "learning_rate": 0.001, "train_losses": [1.0009116368219064, 0.1620986136711306, 0.0943957037371836, 0.07165446070573973, 0.06041753079588176, 0.04555318482431946, 0.03636288602694446, 0.029069306600829275, 0.02073995832555978, 0.028539881965313773, 0.015267475719927048, 0.01622737213667457, 0.014701078665137137, 0.012675060978452904], "train_accuracy": [0.7865323536001743, 0.9412683032125774, 0.9676598837209303, 0.9757953811369509, 0.9806538006285981, 0.9856468023255814, 0.9883115310077519, 0.9903302648578811, 0.9931363049095607, 0.990875322997416, 0.9952156007751938, 0.9948118540051679, 0.995383828647377, 0.9961845930232558], "valid_losses": [0.1841147916641125, 0.09981446724730669, 0.0682459964666554, 0.03704142600499554, 0.037824892806796566, 0.03208383010751652, 0.04526234054063344, 0.02686346578062962, 0.03346511446863925, 0.026594559708006348, 0.020669004591919303, 0.021512831516795897, 0.019134600292131508, 0.018928215107273234], "valid_accuracy": [0.9330921978065648, 0.9676224226804123, 0.976730904628321, 0.9879188144329897, 0.9878382731958762, 0.9916237113402062, 0.9869523195876289, 0.9921875, 0.9919458762886598, 0.9937177835051546, 0.9942010309278351, 0.9954091494845361, 0.9957313144329897, 0.9954091494845361], "test_losses": 1.8025658130645752, "test_accuracy": 0.894615650177002, "learning_rates": [0.001, 0.001, 0.001, 0.001, 0.001, 0.001, 0.001, 0.001, 0.001, 0.0009000000000000001, 0.0009000000000000001, 0.0009000000000000001, 0.0008100000000000001, 0.000729], "early_stopping_after": 14}