{"optimizer_name": "Adam", "criterion_name": "CrossEntropyLoss", "epochs": 35, "learning_rate": 0.001, "train_losses": [5.366637181798253, 3.4946802149125196, 2.899021109309765, 2.5033877207598554, 2.1743091219062105, 1.9077292390919607, 1.6972174321839568, 1.4827671573249572, 1.3401681685119593, 1.228806842904572, 1.1255418848280514, 1.032995887715882, 0.9591992815973562, 0.8835032700535355, 0.8479477990794619, 0.7969018897605599, 0.7518574584514723, 0.7211583560896576, 0.7124692138045206, 0.6811200861537129, 0.6544581601105699, 0.6328750116699332, 0.5837946951115897, 0.558041707501499, 0.5447052318021792, 0.5205815342861578, 0.49903400088532257, 0.4809409202922375, 0.46158979135915773, 0.447138310538246, 0.4384144377134262, 0.431614871658043, 0.4285462163730499, 0.4112661138108564, 0.394359275391069], "train_accuracy": [0.03025372706592903, 0.12000430047238639, 0.20587012616045977, 0.2933486238668818, 0.3716671444954128, 0.4371201261331182, 0.4949827981651376, 0.5554042431192661, 0.5970685207242266, 0.6223050458442181, 0.6516628440366973, 0.6791069380460529, 0.700401376146789, 0.7226132453855024, 0.7341456422838596, 0.7464879587155964, 0.7614033830548645, 0.7699469610911991, 0.7740323968710155, 0.7869481077981652, 0.7952623279816514, 0.7990825688893642, 0.8138044725317474, 0.8207282110911991, 0.8251863532110092, 0.8334288990825688, 0.8409618692933967, 0.8453555045598143, 0.8521215597150522, 0.8571387615499146, 0.8569954129260614, 0.8589306193480798, 0.8619911123853211, 0.8664420871833048, 0.8733658257427566], "valid_losses": [3.9132152828601523, 2.7415217675200294, 2.2648666134668054, 1.792702661741764, 1.4280154464441701, 1.2013201642473903, 0.9825162417298063, 0.7994589368137744, 0.6561330682640776, 0.577531668844573, 0.48828831233015846, 0.4702605253786122, 0.4256724124654717, 0.33876874742157964, 0.31770072672345223, 0.2747312413716535, 0.2951360677770518, 0.24450954541974113, 0.21290972377728978, 0.26265667009791105, 0.19835323953163733, 0.21082602427640093, 0.19056505583431743, 0.2041312729888553, 0.1716442646099887, 0.16125228261113714, 0.16653377468774624, 0.1696847977646447, 0.14276263257061397, 0.14227542414441022, 0.1580445750727566, 0.1553872035337834, 0.1478689921626804, 0.1303947545041185, 0.12216638453270591], "valid_accuracy": [0.08115015026831299, 0.23128558996073698, 0.3515847437425491, 0.484305797366921, 0.5874031158762241, 0.6392706025631056, 0.7359468915046902, 0.7646611043072622, 0.8179423043487268, 0.8445211167729229, 0.8696219549266571, 0.872474098424299, 0.8824096409552687, 0.9102192739827917, 0.9178315800264341, 0.9297146868268285, 0.9225175971284919, 0.9380437359897369, 0.9489530609288347, 0.9257009253589386, 0.9512318093842322, 0.9435058132224127, 0.9493682772741405, 0.9486367051754523, 0.9569657543383607, 0.9604209508370916, 0.9559623139713882, 0.9562638407453484, 0.9628430479163423, 0.9665849416627796, 0.9589726350723057, 0.9614243912040641, 0.961295871559633, 0.9660115471673668, 0.9697386113875502], "test_losses": 0.5668501257896423, "test_accuracy": 0.8807752728462219}