{"optimizer_name": "Adam", "criterion_name": "CrossEntropyLoss", "epochs": 35, "learning_rate": 0.001, "train_losses": [3.293269911490449, 1.176095342280668, 0.6105885330690156, 0.4033061283375692, 0.30118611900973213, 0.24603574936184178, 0.20571352838359158, 0.17713927059784668, 0.1645209510691054, 0.1362432454362375, 0.13835182016578698, 0.12244545018146617, 0.10873488268447579, 0.10641852362559887, 0.1077234893417789, 0.09165378239586813, 0.09738887671740093, 0.07979190305576002, 0.08360446159035788, 0.079188720519663, 0.07924755021006963, 0.07218687615246264, 0.07773959763997465, 0.06836720859768604, 0.06739610612580399, 0.06172134325232938, 0.0687696505423396, 0.06310783740594436, 0.06637515451058472, 0.055495859199596584, 0.05439834431448733, 0.049499254878781256, 0.05255572039365914, 0.050224812594541444, 0.04656704275979908], "train_accuracy": [0.2340381308159697, 0.6609016628166952, 0.8181909403396309, 0.8753512041010988, 0.9065581996233092, 0.922398222559089, 0.9364893921744932, 0.9443090596330275, 0.9485593464123, 0.9595183486785364, 0.9575043004860572, 0.961460722559089, 0.9662772362385321, 0.9681766055045872, 0.966850630733945, 0.9717388188620226, 0.9711654243666098, 0.975021502293578, 0.9747276375873373, 0.9760034404216557, 0.9761324541284404, 0.9777809633027523, 0.977580275284041, 0.9791786123853211, 0.9809131307886281, 0.9817947247706422, 0.9803254013761468, 0.981128153724408, 0.981128153724408, 0.9835149082568807, 0.9844108371559633, 0.9853856078255068, 0.9847692087155964, 0.9855719610638575, 0.9862887041831235], "valid_losses": [1.5363246005609494, 0.6882773293267697, 0.542943578521046, 0.37975459614204704, 0.31872091934495017, 0.35706810516501786, 0.3163820406712523, 0.2755750521949125, 0.23499633399171566, 0.24613019851369594, 0.27262081527108445, 0.2400667770603381, 0.2468046494716898, 0.21665753609150512, 0.21184442854067737, 0.2524939248030749, 0.22486335493692564, 0.2464556284248829, 0.23345803657392844, 0.23701677063411666, 0.21189195898558022, 0.25668886408141445, 0.19572506045256186, 0.2072024846859618, 0.19284656891650562, 0.20847107385447539, 0.2003360946807976, 0.22541850404130345, 0.21637163460553718, 0.22785332779733275, 0.23666404021066537, 0.19663736113953753, 0.20105861928399413, 0.23266336881852528, 0.26105534462172775], "valid_accuracy": [0.5630931668325302, 0.8006267793681643, 0.8458804570206808, 0.890076320652568, 0.9110200492613906, 0.8992951200642717, 0.9116379312419016, 0.9239659128932778, 0.9375840321593328, 0.9357501580080855, 0.9317067385813512, 0.939576083367024, 0.9404510046363971, 0.9426308919530396, 0.9441632393303268, 0.9398924391204064, 0.9477914424117552, 0.9440495492121496, 0.9456115550951126, 0.9424727143497642, 0.9455967255688589, 0.9457549037189659, 0.9533672097626082, 0.9513603290286633, 0.95381208461359, 0.9515036776525165, 0.9516470262763697, 0.9478903035505102, 0.9549292156455713, 0.9492249286502873, 0.9506435859093972, 0.9550873932488467, 0.957109102962214, 0.9466149954620852, 0.947905133076764], "test_losses": 0.9043192267417908, "test_accuracy": 0.8383805751800537}