{"optimizer_name": "Adam", "criterion_name": "CrossEntropyLoss", "epochs": 50, "learning_rate": 0.001, "train_losses": [3.932491942830042, 1.9945025870559412, 1.09255645950453, 0.7434021775875617, 0.5698519435224183, 0.4503929059303135, 0.3850113158242418, 0.3184123748588726, 0.2606875667809893, 0.2505912984200164, 0.21333563112901574, 0.19912914870255585, 0.17402683689746015, 0.15791896067628072, 0.15053808101273458, 0.1378621886732108, 0.1334186723507052, 0.12798656292105898, 0.12150328959671593, 0.1056181402031093, 0.10338956676850762, 0.10038386613831198, 0.08546034744385322, 0.0923459430208105, 0.08870905604418539, 0.08372916313691424, 0.08383620708941593, 0.07622233603935723, 0.06686657597951659, 0.06887607131614734, 0.06610658262437637, 0.06417163063712213, 0.0681388439875472, 0.05789386680981982, 0.05881741584851107, 0.057203986118077685, 0.0613079552609183, 0.056125989931404864, 0.056363806689751904, 0.050578289310695655, 0.05166243303379198, 0.0542338976952666, 0.049644969848044423, 0.050997660478252334, 0.046494289527758276, 0.04707494689954804, 0.047289606717782554, 0.037400443537306004, 0.046437751578696826, 0.04912895740035477], "train_accuracy": [0.16059346333009386, 0.49531250002734156, 0.7014764908256881, 0.7877651949267869, 0.8343750000546831, 0.865015768403307, 0.8809848050458715, 0.9025874426332089, 0.9187069954948688, 0.9206278669998187, 0.9329415137341263, 0.9369911123579795, 0.9426963876146789, 0.9486811926605505, 0.9516126719910071, 0.9567015481377961, 0.9566513762014721, 0.9582640482198208, 0.9614248854031257, 0.9651662844036697, 0.9647505734491786, 0.9672591743666098, 0.9710220757427566, 0.9699469610638575, 0.970979071128259, 0.972025516109729, 0.9735808485965116, 0.9750358372106465, 0.9778598050732131, 0.9774010895042244, 0.9781536697794538, 0.9786912271189033, 0.9781178326234905, 0.9820814220183486, 0.9806407683212822, 0.9816298739078941, 0.9808987958715596, 0.9815940367519309, 0.9814363532110092, 0.9837227637341263, 0.9830203555319288, 0.9818807339996373, 0.9831135320827502, 0.9836152522662364, 0.9848552179445914, 0.9841743119812887, 0.9853067660550459, 0.9876720183486238, 0.9854859518348624, 0.9840668005133988], "valid_losses": [2.798101289556661, 1.2106934818652793, 0.7763707555762125, 0.6082123415459186, 0.5462108937972182, 0.5216403815451018, 0.44260460042625394, 0.4288334809585449, 0.41549018975518165, 0.41419809086060305, 0.42528180928405274, 0.40931268371299867, 0.4146290998393243, 0.3997787761442158, 0.3961990932258991, 0.39535510574185523, 0.38045968757856874, 0.40032795160462004, 0.35478254681060073, 0.363964672208926, 0.4285609402924503, 0.346143045044, 0.37185004380864833, 0.35428589643961794, 0.3517693776056307, 0.39117288784286297, 0.42522539560674527, 0.3446060654220231, 0.35780119137206207, 0.37133874135826705, 0.3506462251374481, 0.3879665139071438, 0.35304159923977807, 0.3574047276169198, 0.3747043275710093, 0.39782202804307326, 0.36496231472546903, 0.3783870529759368, 0.35141523257581464, 0.3608151401025713, 0.3850335417605868, 0.34707118126503916, 0.3625429888520766, 0.34834115258460746, 0.36512259971521316, 0.35914313294198535, 0.34525829984234013, 0.3757094751804247, 0.40302051255188953, 0.33229871550489454], "valid_accuracy": [0.35554413155678216, 0.6809109061136158, 0.7885410074793965, 0.8353863489737204, 0.8494790015964333, 0.8559741777017575, 0.8771601155263569, 0.8850591188177056, 0.8883561371663294, 0.8893744070595557, 0.8932003318716627, 0.8916531555149534, 0.8912379391696474, 0.8977034562224642, 0.9001255538485465, 0.9030221842844551, 0.9041393153164365, 0.8992802910848495, 0.9145049037189659, 0.9085682931296323, 0.8938182143990053, 0.9153056784507332, 0.9120234896283631, 0.9140748578474063, 0.9166403035505102, 0.911079365725911, 0.905142755683409, 0.9179156121857669, 0.9133729437075624, 0.916526613432333, 0.9203673677706937, 0.9193935859093972, 0.9176437439174827, 0.9152216468382319, 0.916655133076764, 0.9131999365780332, 0.9176585734437365, 0.9162547451640488, 0.924109261517131, 0.9166403035505102, 0.9151919883325559, 0.9222753873658837, 0.9196802831571037, 0.9232639987534339, 0.9230909916239047, 0.9231206501295807, 0.9254142281112321, 0.9226757752785989, 0.9189635400378376, 0.9305599495905255], "test_losses": 1.235413908958435, "test_accuracy": 0.7917565107345581}