{"optimizer_name": "Adam", "criterion_name": "CrossEntropyLoss", "epochs": 30, "learning_rate": 0.001, "train_losses": [3.1433845982639066, 0.9371937025987774, 0.4477579351514578, 0.2782639426033978, 0.21139896040731068, 0.16723134347297455, 0.13419846532900537, 0.12091741248230459, 0.11590633319622469, 0.0945729217492044, 0.0833595335833865, 0.0870182732666988, 0.08028605932352739, 0.07765271653925333, 0.062492476759153766, 0.0667871749925709, 0.0655390607842475, 0.05666885159294539, 0.058494582622730676, 0.05542636497817729, 0.05056232377169056, 0.04902777789211875, 0.05808142699950605, 0.04898434589454614, 0.04702966392826323, 0.04071838969210966, 0.053508225307210326, 0.05365413548681167, 0.03608835087619175, 0.04389756422302242], "train_accuracy": [0.2597333716416578, 0.7299240252020163, 0.8647219036970664, 0.9142488532383507, 0.9353927752566994, 0.9472262041831235, 0.9573251147062407, 0.962672018403307, 0.9647505734491786, 0.9705346903396309, 0.974390768403307, 0.9733658256607318, 0.9758815940366973, 0.97551605501853, 0.9805189220730318, 0.9795728211009175, 0.9799025229631214, 0.9833500573941327, 0.9818663990825688, 0.9830633601464263, 0.9858443233944955, 0.9859661697794538, 0.9839807912844036, 0.9857511468436739, 0.9858228211556006, 0.988367259228995, 0.9849770641928419, 0.9837227637341263, 0.9895713876146789, 0.9881737385321101], "valid_losses": [1.3880226814418757, 0.5123300196927622, 0.3200146160131201, 0.30062913675920677, 0.25173994187915, 0.22123901602393442, 0.22284581013228916, 0.2159034630129917, 0.18645164195379807, 0.20019624084917778, 0.19577738918671642, 0.19291307115841896, 0.1754840451865158, 0.17163932278171318, 0.19613881175483175, 0.16142702743479417, 0.19252238102223074, 0.15985143180389744, 0.18019837258093127, 0.1785649098712233, 0.17822876846879174, 0.15899325585753205, 0.1607877869295691, 0.1536001257487325, 0.14600852743611423, 0.15497341949931653, 0.19623335606392917, 0.15168015784669428, 0.13058916094858164, 0.13848440874786622], "valid_accuracy": [0.6165325450241019, 0.8483173836261855, 0.9032792235733172, 0.9095865630228585, 0.9232491697740117, 0.9394623932488467, 0.9405943532602503, 0.9418993198543514, 0.9486218761960301, 0.9493831068003943, 0.95263563766392, 0.9458982523428191, 0.9545139987534339, 0.9562490112190947, 0.9523489404162135, 0.9602479437075624, 0.9462146075493699, 0.9601194240631313, 0.9548155249805625, 0.958542589200746, 0.9609943453325044, 0.9619977856994769, 0.9640046664334219, 0.9643902248198833, 0.9654529816513762, 0.9647065800264341, 0.9572376226066449, 0.966713460760379, 0.971443965347535, 0.9688340321593328], "test_losses": 0.6302554607391357, "test_accuracy": 0.8832210302352905}