{"optimizer_name": "Adam", "criterion_name": "CrossEntropyLoss", "epochs": 100, "learning_rate": 0.001, "train_losses": [4.355540832795135, 2.1114905670695348, 1.3880199724381124, 0.9512660034479351, 0.7321140125667284, 0.562173057484244, 0.45353600840776337, 0.3810757955348273, 0.3335096707584661, 0.27623793070947905, 0.24452135913552495, 0.22490661878805232, 0.19845676908286614, 0.17828890642390474, 0.15168161286092405, 0.15353621134466125, 0.1309758217560999, 0.13246069126121632, 0.11406053158394787, 0.11645826079173509, 0.10539455098364878, 0.09415254223698732, 0.09382331175216978, 0.08211396203948818, 0.07456068649734242, 0.07446217096470502, 0.07784543832370994, 0.06307650231243615, 0.07055754027406283, 0.0623832642647583, 0.05927594786364619, 0.0557590257675481, 0.0545472616218714, 0.05383447117231991, 0.054511005913309, 0.05247667296405096, 0.04802791040322376, 0.0450277354636597, 0.04295352766495369, 0.04370543205418513, 0.04263006283158283, 0.03944555484612874, 0.04212556857137232, 0.039535285188889116, 0.035727481574563465, 0.033559753535499094, 0.03401594066996674, 0.03594909576323191, 0.028978576783278802, 0.028448570135995797, 0.029509241150162364, 0.031002679276611194, 0.02625058909051479, 0.025046219182021302, 0.027050895953909793, 0.023259118620586345, 0.024485585353456848, 0.023721372624837853, 0.023193037163021915, 0.023974154446110632, 0.02579101514276288, 0.02185471968003335, 0.020090444512246605, 0.02161048260013308, 0.02065465176144803, 0.020406385463418934, 0.020232339944998057, 0.018877900214096823, 0.021525438003447077, 0.018584028561385947, 0.01715825688387075, 0.02022155824655316, 0.01916046403520666, 0.016446527458514822, 0.016935115506009565, 0.01880518326860836, 0.015004953715540127, 0.01964582293774984, 0.013346599660591658, 0.013785215954233144, 0.014354201242244383, 0.018553464323145533, 0.010599239322425234, 0.014591012972007131, 0.016853733949465762, 0.01644155251528692, 0.013239024155730502, 0.014708228023090911, 0.017300488895512615, 0.01122644150959661, 0.010688954527672608, 0.00576021010056138, 0.006386594595640568, 0.006440953898388858, 0.009453715991502234, 0.008123965996265232, 0.008145719312169853, 0.006934291473002421, 0.005738103394011278, 0.004836757573376008], "train_accuracy": [0.11241399083252347, 0.41120269498147, 0.590338302724952, 0.7096831995412844, 0.771982511522573, 0.822871272990463, 0.8568018922291765, 0.877006880733945, 0.8924813646515575, 0.9119552752566994, 0.9201619839722958, 0.9265624999726584, 0.935657970265511, 0.9421731651922979, 0.9505877293851397, 0.9505088876146789, 0.9563503440366973, 0.9574326261741306, 0.9644638762014721, 0.9616685780363345, 0.9665926031836676, 0.9686783256880734, 0.9695169151922979, 0.9733873280363345, 0.976340309605686, 0.9765409977611051, 0.9744839449541285, 0.9794294724770642, 0.9765051606051419, 0.9792072820827502, 0.9807554472477065, 0.9822247706422018, 0.9824039564220184, 0.9819022362385321, 0.9821674312473437, 0.982970183458897, 0.9849125573394495, 0.985643635375784, 0.9855002867519309, 0.985915997706422, 0.9867187500546831, 0.9875430046418391, 0.9870627866972477, 0.9876003440366973, 0.98828125, 0.9884245986238532, 0.9893205275229358, 0.9881522362932152, 0.9909331995412844, 0.9912198967889908, 0.9909690366972477, 0.9898939220183486, 0.9919008027522935, 0.9921444953855024, 0.9922233371559633, 0.9923666857798165, 0.9925100344036697, 0.9925100344036697, 0.9927608944954128, 0.9924025229357798, 0.9910407110091743, 0.9931551032110092, 0.9941227064220184, 0.9930834288990825, 0.9933342889908257, 0.9939076834862385, 0.9940151949541285, 0.9946029243666098, 0.9927752294124813, 0.9944094036697247, 0.994911123853211, 0.9935851490825688, 0.9943735665137615, 0.994911123853211, 0.9946602637614679, 0.9948394495412844, 0.9953913417978024, 0.9942302178899083, 0.9956995412844036, 0.9959145642201835, 0.9953411697247706, 0.9951619839449541, 0.9967746559633027, 0.9953770068807339, 0.9953196674858759, 0.9952838303299125, 0.9958070527522935, 0.9955561926605505, 0.9951978211009175, 0.9965237958715596, 0.9970613532110092, 0.997828268403307, 0.9981364678899083, 0.9976132454675272, 0.9976849197794538, 0.9977780963302753, 0.9973838876146789, 0.9977064220183486, 0.9983156536697247, 0.9982798165137615], "valid_losses": [2.3628672481676856, 1.301181737436067, 0.8857332528184313, 0.4855993534993688, 0.3781953255791183, 0.28440082907129866, 0.2321529066480628, 0.19427858518624525, 0.19285216466139216, 0.1675339079368005, 0.1399396781322606, 0.14837977842111652, 0.12136341064074717, 0.10663478040999365, 0.10411872081629453, 0.1229828458723672, 0.11682037614849866, 0.10267474176362157, 0.08482066414600939, 0.10429732280638103, 0.09131952159431413, 0.0877022162814616, 0.09317859350233723, 0.08909098776762263, 0.07650475956097998, 0.11090232728160235, 0.08122318721143529, 0.07054658954078759, 0.08266901037625866, 0.08853345700334586, 0.0691854821148525, 0.0685534247345667, 0.07469898548592395, 0.07329493503720678, 0.07534242999994137, 0.08049580638020282, 0.07139063185204243, 0.07176272982198514, 0.07947354450813332, 0.08150988960170845, 0.07870515878392392, 0.06236587344055222, 0.06349087880623694, 0.0646919890025464, 0.070671191034249, 0.08344931416910402, 0.07025358076498378, 0.06998470955148633, 0.08858809187122377, 0.06794470250248746, 0.07439975809212987, 0.06699840643357992, 0.061724950732007636, 0.0683499810541793, 0.06542161321740757, 0.0727367681696405, 0.06958962563751586, 0.08159187224300027, 0.07014899650709319, 0.08360273012945614, 0.08287406091176726, 0.07051697184612474, 0.0845370694803749, 0.07819591368538693, 0.070611774703393, 0.08946169266117635, 0.0931842750556625, 0.08602435363015143, 0.08036735620036546, 0.06478870015712138, 0.06908713904422173, 0.07348213580487502, 0.0750260847127236, 0.07294606592748079, 0.08055924174290123, 0.06599596134487869, 0.07720269637477466, 0.06640981888875003, 0.06584989816327408, 0.06457027279286377, 0.06297169951054507, 0.07531135700820422, 0.07383039005566108, 0.06994546090959167, 0.06873565451143737, 0.07328757884415359, 0.08254076072075346, 0.07389220426146435, 0.07302425333485006, 0.06827819141155546, 0.06226173742378363, 0.0720450231805498, 0.06287548960490062, 0.06742367960980511, 0.07180736275534065, 0.07012679605766632, 0.0665204893477641, 0.06652337452905316, 0.0634058468010691, 0.06401107407497104],